Name of institute,Cource,Opening Rank,Closing Rank
Indian Institute of Technology Bhubaneswar,"Civil Engineering (4 Years, Bachelor of Technology)",9106,13018
Indian Institute of Technology Bhubaneswar,"Computer Science and Engineering (4 Years, Bachelor of Technology)",2372,3404
Indian Institute of Technology Bhubaneswar,"Electrical Engineering (4 Years, Bachelor of Technology)",5017,6505
Indian Institute of Technology Bhubaneswar,"Electronics and Communication Engineering (4 Years, Bachelor of Technology)",3464,4798
Indian Institute of Technology Bhubaneswar,"Engineering Physics (4 Years, Bachelor of Technology)",9435,9974
Indian Institute of Technology Bhubaneswar,"Mechanical Engineering (4 Years, Bachelor of Technology)",7135,9362
Indian Institute of Technology Bhubaneswar,"Metallurgical and Materials Engineering (4 Years, Bachelor of Technology)",10181,13429
Indian Institute of Technology Bombay,"Aerospace Engineering (4 Years, Bachelor of Technology)",585,2388
Indian Institute of Technology Bombay,"BS in Mathematics (4 Years, Bachelor of Science)",631,1191
Indian Institute of Technology Bombay,"Chemical Engineering (4 Years, Bachelor of Technology)",650,2507
Indian Institute of Technology Bombay,"Chemistry (4 Years, Bachelor of Science)",5268,6969
Indian Institute of Technology Bombay,"Civil Engineering (4 Years, Bachelor of Technology)",2244,3986
Indian Institute of Technology Bombay,"Computer Science and Engineering (4 Years, Bachelor of Technology)",1,68
Indian Institute of Technology Bombay,"Economics (4 Years, Bachelor of Science)",1421,2282
Indian Institute of Technology Bombay,"Electrical Engineering (4 Years, Bachelor of Technology)",15,464
Indian Institute of Technology Bombay,"Electrical Engineering (5 Years, Bachelor and Master of Technology (Dual Degree))",496,934
Indian Institute of Technology Bombay,"Energy Engineering (4 Years, Bachelor of Technology)",1687,2557
Indian Institute of Technology Bombay,"Engineering Physics (4 Years, Bachelor of Technology)",92,1532
Indian Institute of Technology Bombay,"Environmental Science and Engineering (4 Years, Bachelor of Technology)",3424,4716
Indian Institute of Technology Bombay,"Industrial Engineering and Operations Research (4 Years, Bachelor of Technology)",1042,1726
Indian Institute of Technology Bombay,"Mechanical Engineering (4 Years, Bachelor of Technology)",666,1685
Indian Institute of Technology Bombay,"Metallurgical Engineering and Materials Science (4 Years, Bachelor of Technology)",2690,4175
Indian Institute of Technology Mandi,"B.Tech in General Engineering (4 Years, Bachelor of Technology)",7173,10134
Indian Institute of Technology Mandi,"B.Tech in Materials Science and Engineering (4 Years, Bachelor of Technology)",10553,12810
Indian Institute of Technology Mandi,"B.Tech in Mathematics and Computing (4 Years, Bachelor of Technology)",2614,3904
Indian Institute of Technology Mandi,"B.Tech in Microelectronics & VLSI (4 Years, Bachelor of Technology)",3980,5467
Indian Institute of Technology Mandi,"Bio Engineering (4 Years, Bachelor of Technology)",11233,12957
Indian Institute of Technology Mandi,"BS in Chemical Sciences (4 Years, Bachelor of Science)",12900,15119
Indian Institute of Technology Mandi,"Civil Engineering (4 Years, Bachelor of Technology)",8925,11499
Indian Institute of Technology Mandi,"Computer Science and Engineering (4 Years, Bachelor of Technology)",1803,2869
Indian Institute of Technology Mandi,"Data Science and Engineering (4 Years, Bachelor of Technology)",2955,3837
Indian Institute of Technology Mandi,"Electrical Engineering (4 Years, Bachelor of Technology)",4772,6400
Indian Institute of Technology Mandi,"Engineering Physics (4 Years, Bachelor of Technology)",8794,9717
Indian Institute of Technology Mandi,"Mechanical Engineering (4 Years, Bachelor of Technology)",6947,8829
Indian Institute of Technology Delhi,"Biotechnology and Biochemical Engineering (4 Years, Bachelor of Technology)",3677,4754
Indian Institute of Technology Delhi,"Chemical Engineering (4 Years, Bachelor of Technology)",1689,2207
Indian Institute of Technology Delhi,"Chemical Engineering (5 Years, Bachelor and Master of Technology (Dual Degree))",2629,3593
Indian Institute of Technology Delhi,"Civil Engineering (4 Years, Bachelor of Technology)",2428,4108
Indian Institute of Technology Delhi,"Computer Science and Engineering (4 Years, Bachelor of Technology)",27,116
Indian Institute of Technology Delhi,"Computer Science and Engineering (5 Years, Bachelor and Master of Technology (Dual Degree))",128,204
Indian Institute of Technology Delhi,"Electrical Engineering (4 Years, Bachelor of Technology)",382,622
Indian Institute of Technology Delhi,"Electrical Engineering (Power and Automation) (4 Years, Bachelor of Technology)",646,810
Indian Institute of Technology Delhi,"Energy Engineering (4 Years, Bachelor of Technology)",1898,2646
Indian Institute of Technology Delhi,"Engineering and Computational Mechanics (4 Years, Bachelor of Technology)",890,1154
Indian Institute of Technology Delhi,"Engineering Physics (4 Years, Bachelor of Technology)",1445,2423
Indian Institute of Technology Delhi,"Materials Engineering (4 Years, Bachelor of Technology)",2422,3787
Indian Institute of Technology Delhi,"Mathematics and Computing (4 Years, Bachelor of Technology)",118,329
Indian Institute of Technology Delhi,"Mathematics and Computing (5 Years, Bachelor and Master of Technology (Dual Degree))",332,413
Indian Institute of Technology Delhi,"Mechanical Engineering (4 Years, Bachelor of Technology)",1225,1774
Indian Institute of Technology Delhi,"Production and Industrial Engineering (4 Years, Bachelor of Technology)",2452,3089
Indian Institute of Technology Delhi,"Textile Technology (4 Years, Bachelor of Technology)",4256,5930
Indian Institute of Technology Indore,"Chemical Engineering (4 Years, Bachelor of Technology)",6161,7489
Indian Institute of Technology Indore,"Civil Engineering (4 Years, Bachelor of Technology)",7549,9255
Indian Institute of Technology Indore,"Computer Science and Engineering (4 Years, Bachelor of Technology)",823,1354
Indian Institute of Technology Indore,"Electrical Engineering (4 Years, Bachelor of Technology)",2359,3498
Indian Institute of Technology Indore,"Engineering Physics (4 Years, Bachelor of Technology)",5610,6814
Indian Institute of Technology Indore,"Mathematics and Computing (4 Years, Bachelor of Technology)",1591,2074
Indian Institute of Technology Indore,"Mechanical Engineering (4 Years, Bachelor of Technology)",4588,6139
Indian Institute of Technology Indore,"Metallurgical Engineering and Materials Science (4 Years, Bachelor of Technology)",7864,10094
Indian Institute of Technology Indore,"Space Sciences and Engineering (4 Years, Bachelor of Technology)",4319,6362
Indian Institute of Technology Kharagpur,"Aerospace Engineering (4 Years, Bachelor of Technology)",2716,4385
Indian Institute of Technology Kharagpur,"Agricultural and Food Engineering (4 Years, Bachelor of Technology)",5515,9906
Indian Institute of Technology Kharagpur,"Applied Geology (4 Years, Bachelor of Science)",10069,12024
Indian Institute of Technology Kharagpur,"Architecture (5 Years, Bachelor of Architecture)",16634,19348
Indian Institute of Technology Kharagpur,"Artificial Intelligence (4 Years, Bachelor of Technology)",434,795
Indian Institute of Technology Kharagpur,"Biotechnology and Biochemical Engineering (4 Years, Bachelor of Technology)",5505,7428
Indian Institute of Technology Kharagpur,"Chemical Engineering (4 Years, Bachelor of Technology)",3905,4590
Indian Institute of Technology Kharagpur,"Chemistry (4 Years, Bachelor of Science)",7869,11179
Indian Institute of Technology Kharagpur,"Civil Engineering (4 Years, Bachelor of Technology)",4900,6465
Indian Institute of Technology Kharagpur,"Computer Science and Engineering (4 Years, Bachelor of Technology)",226,414
Indian Institute of Technology Kharagpur,"Economics (4 Years, Bachelor of Science)",3176,5055
Indian Institute of Technology Kharagpur,"Electrical Engineering (4 Years, Bachelor of Technology)",1300,1880
Indian Institute of Technology Kharagpur,"Electronics and Electrical Communication Engineering (4 Years, Bachelor of Technology)",516,1446
Indian Institute of Technology Kharagpur,"Exploration Geophysics (4 Years, Bachelor of Science)",9290,10995
Indian Institute of Technology Kharagpur,"Industrial and Systems Engineering (4 Years, Bachelor of Technology)",2915,4099
Indian Institute of Technology Kharagpur,"Instrumentation Engineering (4 Years, Bachelor of Technology)",2022,2473
Indian Institute of Technology Kharagpur,"Manufacturing Science and Engineering (4 Years, Bachelor of Technology)",4523,5964
Indian Institute of Technology Kharagpur,"Mathematics and Computing (4 Years, Bachelor of Science)",971,1253
Indian Institute of Technology Kharagpur,"Mechanical Engineering (4 Years, Bachelor of Technology)",2160,3301
Indian Institute of Technology Kharagpur,"Metallurgical and Materials Engineering (4 Years, Bachelor of Technology)",5472,6784
Indian Institute of Technology Kharagpur,"Mining Engineering (4 Years, Bachelor of Technology)",7429,9225
Indian Institute of Technology Kharagpur,"Ocean Engineering and Naval Architecture (4 Years, Bachelor of Technology)",7253,8545
Indian Institute of Technology Kharagpur,"Physics (4 Years, Bachelor of Science)",2957,6553
Indian Institute of Technology Hyderabad,"Artificial Intelligence (4 Years, Bachelor of Technology)",685,852
Indian Institute of Technology Hyderabad,"Biomedical Engineering (4 Years, Bachelor of Technology)",6579,8172
Indian Institute of Technology Hyderabad,"Biotechnology and Bioinformatics (4 Years, Bachelor of Technology)",6015,7972
Indian Institute of Technology Hyderabad,"Chemical Engineering (4 Years, Bachelor of Technology)",4229,5493
Indian Institute of Technology Hyderabad,"Civil Engineering (4 Years, Bachelor of Technology)",6571,7463
Indian Institute of Technology Hyderabad,"Computational Engineering (4 Years, Bachelor of Technology)",1046,1771
Indian Institute of Technology Hyderabad,"Computer Science and Engineering (4 Years, Bachelor of Technology)",431,649
Indian Institute of Technology Hyderabad,"Electrical Engineering (4 Years, Bachelor of Technology)",1022,1981
Indian Institute of Technology Hyderabad,"Electrical Engineering (IC Design and Technology) (4 Years, Bachelor of Technology)",1570,2050
Indian Institute of Technology Hyderabad,"Engineering Physics (4 Years, Bachelor of Technology)",3442,4662
Indian Institute of Technology Hyderabad,"Engineering Science (4 Years, Bachelor of Technology)",1822,3236
Indian Institute of Technology Hyderabad,"Industrial Chemistry (4 Years, Bachelor of Technology)",7495,8752
Indian Institute of Technology Hyderabad,"Materials Science and Metallurgical Engineering (4 Years, Bachelor of Technology)",5105,7736
Indian Institute of Technology Hyderabad,"Mathematics and Computing (4 Years, Bachelor of Technology)",660,951
Indian Institute of Technology Hyderabad,"Mechanical Engineering (4 Years, Bachelor of Technology)",2304,4252
Indian Institute of Technology Jodhpur,"Artificial Intelligence and Data Science (4 Years, Bachelor of Technology)",2838,3698
Indian Institute of Technology Jodhpur,"Bio Engineering (4 Years, Bachelor of Technology)",11548,13824
Indian Institute of Technology Jodhpur,"Chemical Engineering (4 Years, Bachelor of Technology)",8295,10103
Indian Institute of Technology Jodhpur,"Chemistry with Specialization (4 Years, Bachelor of Science)",12654,15166
Indian Institute of Technology Jodhpur,"Civil and Infrastructure Engineering (4 Years, Bachelor of Technology)",9521,11967
Indian Institute of Technology Jodhpur,"Computer Science and Engineering (4 Years, Bachelor of Technology)",2062,2798
Indian Institute of Technology Jodhpur,"Electrical Engineering (4 Years, Bachelor of Technology)",4379,5852
Indian Institute of Technology Jodhpur,"Materials Engineering (4 Years, Bachelor of Technology)",11314,12443
Indian Institute of Technology Jodhpur,"Mechanical Engineering (4 Years, Bachelor of Technology)",6316,8780
Indian Institute of Technology Jodhpur,"Physics with Specialization (4 Years, Bachelor of Science)",9112,12136
Indian Institute of Technology Kanpur,"Aerospace Engineering (4 Years, Bachelor of Technology)",2713,3495
Indian Institute of Technology Kanpur,"Biological Sciences and Bioengineering (4 Years, Bachelor of Technology)",5259,6791
Indian Institute of Technology Kanpur,"Chemical Engineering (4 Years, Bachelor of Technology)",2227,3903
Indian Institute of Technology Kanpur,"Chemistry (4 Years, Bachelor of Science)",7317,10037
Indian Institute of Technology Kanpur,"Civil Engineering (4 Years, Bachelor of Technology)",4158,5676
Indian Institute of Technology Kanpur,"Computer Science and Engineering (4 Years, Bachelor of Technology)",120,248
Indian Institute of Technology Kanpur,"Earth Sciences (4 Years, Bachelor of Science)",6793,9550
Indian Institute of Technology Kanpur,"Economics (4 Years, Bachelor of Science)",2137,2993
Indian Institute of Technology Kanpur,"Electrical Engineering (4 Years, Bachelor of Technology)",743,1257
Indian Institute of Technology Kanpur,"Materials Science and Engineering (4 Years, Bachelor of Technology)",3998,5791
Indian Institute of Technology Kanpur,"Mathematics and Scientific Computing (4 Years, Bachelor of Science)",449,926
Indian Institute of Technology Kanpur,"Mechanical Engineering (4 Years, Bachelor of Technology)",1889,2736
Indian Institute of Technology Kanpur,"Physics (4 Years, Bachelor of Science)",1440,4609
Indian Institute of Technology Kanpur,"Statistics and Data Science (4 Years, Bachelor of Science)",699,990
Indian Institute of Technology Madras,"Aerospace Engineering (4 Years, Bachelor of Technology)",1469,2801
Indian Institute of Technology Madras,"Aerospace Engineering (5 Years, Bachelor and Master of Technology (Dual Degree))",2199,2984
Indian Institute of Technology Madras,"Artificial Intelligence and Data Analytics (4 Years, Bachelor of Technology)",132,415
Indian Institute of Technology Madras,"Biological Engineering (4 Years, Bachelor of Technology)",3135,5491
Indian Institute of Technology Madras,"Biological Science (4 Years, Bachelor of Science)",5604,9912
Indian Institute of Technology Madras,"Chemical Engineering (4 Years, Bachelor of Technology)",2024,3885
Indian Institute of Technology Madras,"Civil Engineering (4 Years, Bachelor of Technology)",3305,5516
Indian Institute of Technology Madras,"Computer Science and Engineering (4 Years, Bachelor of Technology)",76,159
Indian Institute of Technology Madras,"Electrical Engineering (4 Years, Bachelor of Technology)",299,835
Indian Institute of Technology Madras,"Engineering Design (5 Years, Bachelor and Master of Technology (Dual Degree))",1828,3656
Indian Institute of Technology Madras,"Engineering Physics (4 Years, Bachelor of Technology)",931,1775
Indian Institute of Technology Madras,"Mechanical Engineering (4 Years, Bachelor of Technology)",458,2302
Indian Institute of Technology Madras,"Metallurgical and Materials Engineering (4 Years, Bachelor of Technology)",3770,4658
Indian Institute of Technology Madras,"Naval Architecture and Ocean Engineering (4 Years, Bachelor of Technology)",4274,7187
Indian Institute of Technology Madras,"Physics (5 Years, Bachelor of Science and Master of Science (Dual Degree))",1048,1331
Indian Institute of Technology Gandhinagar,"Artificial Intelligence (4 Years, Bachelor of Technology)",1424,2055
Indian Institute of Technology Gandhinagar,"Chemical Engineering (4 Years, Bachelor of Technology)",6344,7742
Indian Institute of Technology Gandhinagar,"Civil Engineering (4 Years, Bachelor of Technology)",8211,9339
Indian Institute of Technology Gandhinagar,"Computer Science and Engineering (4 Years, Bachelor of Technology)",654,1576
Indian Institute of Technology Gandhinagar,"Computer Science and Engineering (5 Years, Bachelor and Master of Technology (Dual Degree))",1708,2154
Indian Institute of Technology Gandhinagar,"Electrical Engineering (4 Years, Bachelor of Technology)",2835,3900
Indian Institute of Technology Gandhinagar,"Electrical Engineering (5 Years, Bachelor and Master of Technology (Dual Degree))",3932,4368
Indian Institute of Technology Gandhinagar,"Integrated Circuit Design & Technology (4 Years, Bachelor of Technology)",2175,4166
Indian Institute of Technology Gandhinagar,"Materials Engineering (4 Years, Bachelor of Technology)",8632,10165
Indian Institute of Technology Gandhinagar,"Mechanical Engineering (4 Years, Bachelor of Technology)",4437,5916
Indian Institute of Technology Gandhinagar,"Mechanical Engineering (5 Years, Bachelor and Master of Technology (Dual Degree))",6073,7198
Indian Institute of Technology Patna,"Artificial Intelligence and Data Science (4 Years, Bachelor of Technology)",2764,3870
Indian Institute of Technology Patna,"B. Tech in CE. - M. Tech. in Geotechnical Engineering (5 Years, B.Tech. + M.Tech./MS (Dual Degree))",13789,14298
Indian Institute of Technology Patna,"B. Tech in CE. - M. Tech. in Structural Engineering (5 Years, B.Tech. + M.Tech./MS (Dual Degree))",3704,13594
Indian Institute of Technology Patna,"B. Tech. (CSE) and M.Tech in CSE (5 Years, B.Tech. + M.Tech./MS (Dual Degree))",3466,3926
Indian Institute of Technology Patna,"B. Tech. (ECE) -M. Tech. in VLSI (5 Years, B.Tech. + M.Tech./MS (Dual Degree))",5683,6068
Indian Institute of Technology Patna,"B. Tech. (EEE)-M. Tech. in (Power &. Control) (5 Years, B.Tech. + M.Tech./MS (Dual Degree))",6751,6924
Indian Institute of Technology Patna,"B. Tech. (Mathematics & Computing) M. Tech. in (Mathematics & Computing) (5 Years, B.Tech. + M.Tech./MS (Dual Degree))",4094,4530
Indian Institute of Technology Patna,"B. Tech. (ME) - M. Tech. in Mechatronics (5 Years, B.Tech. + M.Tech./MS (Dual Degree))",6828,8327
Indian Institute of Technology Patna,"B.Tech (Artificial Intelligence and Data Science) - MBA in Digital Business Management (IIM Bodh Gaya) (5 Years, Bachelor of Technology and MBA (Dual Degree))",3950,4371
Indian Institute of Technology Patna,"B.Tech (Chemical Engineering) - MBA in Hospital and Health Care Management (IIM Bodh Gaya) (5 Years, Bachelor of Technology and MBA (Dual Degree))",12441,12561
Indian Institute of Technology Patna,"B.Tech (Chemical Science and Technology) - MBA in Hospital and Health Care Management (IIM Bodh Gaya) (5 Years, Bachelor of Technology and MBA (Dual Degree))",11696,12162
Indian Institute of Technology Patna,"B.Tech (Civil Engineering) - MBA (IIM Bodh Gaya) (5 Years, Bachelor of Technology and MBA (Dual Degree))",12017,13562
Indian Institute of Technology Patna,"B.Tech (Computer Science and Engineering) - MBA in Digital Business Management (IIM Bodh Gaya) (5 Years, Bachelor of Technology and MBA (Dual Degree))",3427,3427
Indian Institute of Technology Patna,"B.Tech (Electrical and Electronics Engineering) - MBA (IIM Bodh Gaya) (5 Years, Bachelor of Technology and MBA (Dual Degree))",5445,5875
Indian Institute of Technology Patna,"B.Tech (Electronics and Communication Engineering) - MBA in Hospital and Healthcare Management (IIM Bodh Gaya) (5 Years, Bachelor of Technology and MBA (Dual Degree))",5982,6895
Indian Institute of Technology Patna,"B.Tech (Engineering Physics) - MBA (IIM Bodh Gaya) (5 Years, Bachelor of Technology and MBA (Dual Degree))",10343,10463
Indian Institute of Technology Patna,"B.Tech (Mathematics and Computing) - MBA in Digital Business Management (IIM Bodh Gaya) (5 Years, Bachelor of Technology and MBA (Dual Degree))",4633,4990
Indian Institute of Technology Patna,"B.Tech (Mechanical Engineering) - MBA (IIM Mumbai) (5 Years, Bachelor of Technology and MBA (Dual Degree))",6351,7840
Indian Institute of Technology Patna,"B.Tech (Metallurgical and Materials Engineering) - MBA (IIM Bodh Gaya) (5 Years, Bachelor of Technology and MBA (Dual Degree))",12121,14189
Indian Institute of Technology Patna,"B.Tech. in Electronics and Communication Engineering and M.Tech. in Communication Systems (5 Years, Bachelor and Master of Technology (Dual Degree))",6096,6188
Indian Institute of Technology Patna,"BS in Economics with MBA (IIM Bodh Gaya) (5 Years, Bachelor of Science and MBA (Dual Degree))",6885,8458
Indian Institute of Technology Patna,"Chemical Engineering (4 Years, Bachelor of Technology)",9046,11588
Indian Institute of Technology Patna,"Chemical Science and Technology (4 Years, Bachelor of Technology)",10427,13049
Indian Institute of Technology Patna,"Civil Engineering (4 Years, Bachelor of Technology)",9687,13149
Indian Institute of Technology Patna,"Computer Science and Engineering (4 Years, Bachelor of Technology)",1760,2985
Indian Institute of Technology Patna,"Economics (4 Years, Bachelor of Science)",6772,10174
Indian Institute of Technology Patna,"Electrical and Electronics Engineering (4 Years, Bachelor of Technology)",5303,6160
Indian Institute of Technology Patna,"Electronics and Communication Engineering (4 Years, Bachelor of Technology)",4429,5196
Indian Institute of Technology Patna,"Engineering Physics (4 Years, Bachelor of Technology)",9961,10959
Indian Institute of Technology Patna,"Mathematics and Computing (4 Years, Bachelor of Technology)",3252,4508
Indian Institute of Technology Patna,"Mechanical Engineering (4 Years, Bachelor of Technology)",7745,9876
Indian Institute of Technology Patna,"Metallurgical and Materials Engineering (4 Years, Bachelor of Technology)",11553,13748
Indian Institute of Technology Roorkee,"Architecture (5 Years, Bachelor of Architecture)",3105,16381
Indian Institute of Technology Roorkee,"Biosciences and Bioengineering (4 Years, Bachelor of Technology)",5871,7251
Indian Institute of Technology Roorkee,"Chemical Engineering (4 Years, Bachelor of Technology)",3531,4512
Indian Institute of Technology Roorkee,"Chemical Sciences (5 Years, Bachelor of Science and Master of Science (Dual Degree))",7756,10416
Indian Institute of Technology Roorkee,"Civil Engineering (4 Years, Bachelor of Technology)",4202,6134
Indian Institute of Technology Roorkee,"Computer Science and Engineering (4 Years, Bachelor of Technology)",277,481
Indian Institute of Technology Roorkee,"Data Science and Artificial Intelligence (4 Years, Bachelor of Technology)",503,677
Indian Institute of Technology Roorkee,"Economics (5 Years, Bachelor of Science and Master of Science (Dual Degree))",3233,5080
Indian Institute of Technology Roorkee,"Electrical Engineering (4 Years, Bachelor of Technology)",1495,1976
Indian Institute of Technology Roorkee,"Electronics and Communication Engineering (4 Years, Bachelor of Technology)",987,1410
Indian Institute of Technology Roorkee,"Energy Engineering (4 Years, Bachelor of Technology)",3951,4637
Indian Institute of Technology Roorkee,"Engineering Physics (4 Years, Bachelor of Technology)",2459,3689
Indian Institute of Technology Roorkee,"Geological Technology (5 Years, Integrated Master of Technology)",7985,9616
Indian Institute of Technology Roorkee,"Geophysical Technology (5 Years, Integrated Master of Technology)",6436,8889
Indian Institute of Technology Roorkee,"Mathematics & Computing (5 Years, Bachelor of Science and Master of Science (Dual Degree))",1168,1501
Indian Institute of Technology Roorkee,"Mechanical Engineering (4 Years, Bachelor of Technology)",2030,3437
Indian Institute of Technology Roorkee,"Metallurgical and Materials Engineering (4 Years, Bachelor of Technology)",5178,6754
Indian Institute of Technology Roorkee,"Physics (5 Years, Bachelor of Science and Master of Science (Dual Degree))",6021,7714
Indian Institute of Technology Roorkee,"Production and Industrial Engineering (4 Years, Bachelor of Technology)",4457,5166
Indian Institute of Technology (ISM) Dhanbad,"Applied Geology (5 Years, Integrated Master of Technology)",13369,14417
Indian Institute of Technology (ISM) Dhanbad,"Applied Geophysics (5 Years, Integrated Master of Technology)",13695,14354
Indian Institute of Technology (ISM) Dhanbad,"Chemical Engineering (4 Years, Bachelor of Technology)",7567,10211
Indian Institute of Technology (ISM) Dhanbad,"Civil Engineering (4 Years, Bachelor of Technology)",9432,11657
Indian Institute of Technology (ISM) Dhanbad,"Computer Science and Engineering (4 Years, Bachelor of Technology)",1817,3594
Indian Institute of Technology (ISM) Dhanbad,"Electrical Engineering (4 Years, Bachelor of Technology)",4868,6535
Indian Institute of Technology (ISM) Dhanbad,"Electronics and Communication Engineering (4 Years, Bachelor of Technology)",3727,5306
Indian Institute of Technology (ISM) Dhanbad,"Engineering Physics (4 Years, Bachelor of Technology)",7764,9412
Indian Institute of Technology (ISM) Dhanbad,"Environmental Engineering (4 Years, Bachelor of Technology)",9606,13942
Indian Institute of Technology (ISM) Dhanbad,"Mathematics and Computing (4 Years, Bachelor of Technology)",3730,4245
Indian Institute of Technology (ISM) Dhanbad,"Mechanical Engineering (4 Years, Bachelor of Technology)",6758,8970
Indian Institute of Technology (ISM) Dhanbad,"Mineral and Metallurgical Engineering (4 Years, Bachelor of Technology)",10171,13085
Indian Institute of Technology (ISM) Dhanbad,"Mining Engineering (4 Years, Bachelor of Technology)",8439,13669
Indian Institute of Technology (ISM) Dhanbad,"Mining Machinery Engineering (4 Years, Bachelor of Technology)",9660,13974
Indian Institute of Technology (ISM) Dhanbad,"Petroleum Engineering (4 Years, Bachelor of Technology)",7795,11527
Indian Institute of Technology Ropar,"Artificial Intelligence and Data Engineering (4 Years, Bachelor of Technology)",2245,2405
Indian Institute of Technology Ropar,"Chemical Engineering (4 Years, Bachelor of Technology)",8597,9603
Indian Institute of Technology Ropar,"Civil Engineering (4 Years, Bachelor of Technology)",9223,10771
Indian Institute of Technology Ropar,"Computer Science and Engineering (4 Years, Bachelor of Technology)",1158,2234
Indian Institute of Technology Ropar,"Electrical Engineering (4 Years, Bachelor of Technology)",3406,5209
Indian Institute of Technology Ropar,"Engineering Physics (4 Years, Bachelor of Technology)",6982,8763
Indian Institute of Technology Ropar,"Mathematics and Computing (4 Years, Bachelor of Technology)",1755,2974
Indian Institute of Technology Ropar,"Mechanical Engineering (4 Years, Bachelor of Technology)",6602,7844
Indian Institute of Technology Ropar,"Metallurgical and Materials Engineering (4 Years, Bachelor of Technology)",10115,11313
Indian Institute of Technology (BHU) Varanasi,"Architecture (5 Years, Bachelor of Architecture)",19885,21028
Indian Institute of Technology (BHU) Varanasi,"Biochemical Engineering with M.Tech. in Biochemical Engineering and Biotechnology (5 Years, Bachelor and Master of Technology (Dual Degree))",10205,11871
Indian Institute of Technology (BHU) Varanasi,"Bioengineering with M.Tech in Biomedical Technology (5 Years, Bachelor and Master of Technology (Dual Degree))",8945,12235
Indian Institute of Technology (BHU) Varanasi,"Ceramic Engineering (4 Years, Bachelor of Technology)",8419,11321
Indian Institute of Technology (BHU) Varanasi,"Ceramic Engineering (5 Years, Bachelor and Master of Technology (Dual Degree))",10413,12336
Indian Institute of Technology (BHU) Varanasi,"Chemical Engineering (4 Years, Bachelor of Technology)",4845,7460
Indian Institute of Technology (BHU) Varanasi,"Civil Engineering (4 Years, Bachelor of Technology)",7205,8552
Indian Institute of Technology (BHU) Varanasi,"Civil Engineering (5 Years, Bachelor and Master of Technology (Dual Degree))",7479,9760
Indian Institute of Technology (BHU) Varanasi,"Computer Science and Engineering (4 Years, Bachelor of Technology)",619,1015
Indian Institute of Technology (BHU) Varanasi,"Computer Science and Engineering (5 Years, Bachelor and Master of Technology (Dual Degree))",1069,1457
Indian Institute of Technology (BHU) Varanasi,"Electrical Engineering (4 Years, Bachelor of Technology)",2667,3447
Indian Institute of Technology (BHU) Varanasi,"Electrical Engineering with M.Tech. in Power Electronics (5 Years, Bachelor and Master of Technology (Dual Degree))",3517,4391
Indian Institute of Technology (BHU) Varanasi,"Electronics Engineering (4 Years, Bachelor of Technology)",2110,2660
Indian Institute of Technology (BHU) Varanasi,"Engineering Physics (5 Years, Bachelor and Master of Technology (Dual Degree))",5637,7649
Indian Institute of Technology (BHU) Varanasi,"Industrial Chemistry (5 Years, Bachelor and Master of Technology (Dual Degree))",10813,11742
Indian Institute of Technology (BHU) Varanasi,"Materials Science and Technology (5 Years, Bachelor and Master of Technology (Dual Degree))",8540,11530
Indian Institute of Technology (BHU) Varanasi,"Mathematics and Computing (5 Years, Bachelor and Master of Technology (Dual Degree))",1538,2129
Indian Institute of Technology (BHU) Varanasi,"Mechanical Engineering (4 Years, Bachelor of Technology)",4029,6008
Indian Institute of Technology (BHU) Varanasi,"Mechanical Engineering (5 Years, Bachelor and Master of Technology (Dual Degree))",6046,7098
Indian Institute of Technology (BHU) Varanasi,"Metallurgical Engineering (4 Years, Bachelor of Technology)",7680,10030
Indian Institute of Technology (BHU) Varanasi,"Metallurgical Engineering (5 Years, Bachelor and Master of Technology (Dual Degree))",10573,11024
Indian Institute of Technology (BHU) Varanasi,"Mining Engineering (4 Years, Bachelor of Technology)",10101,12208
Indian Institute of Technology (BHU) Varanasi,"Mining Engineering (5 Years, Bachelor and Master of Technology (Dual Degree))",11109,12994
Indian Institute of Technology (BHU) Varanasi,"Pharmaceutical Engineering & Technology (4 Years, Bachelor of Technology)",10385,12583
Indian Institute of Technology (BHU) Varanasi,"Pharmaceutical Engineering & Technology (5 Years, Bachelor and Master of Technology (Dual Degree))",13232,13343
Indian Institute of Technology Guwahati,"Biosciences and Bioengineering (4 Years, Bachelor of Technology)",6812,8400
Indian Institute of Technology Guwahati,"Chemical Engineering (4 Years, Bachelor of Technology)",4515,5152
Indian Institute of Technology Guwahati,"Chemical Science and Technology (4 Years, Bachelor of Technology)",5331,6434
Indian Institute of Technology Guwahati,"Civil Engineering (4 Years, Bachelor of Technology)",5869,7112
Indian Institute of Technology Guwahati,"Computer Science and Engineering (4 Years, Bachelor of Technology)",466,607
Indian Institute of Technology Guwahati,"Data Science and Artificial Intelligence (4 Years, Bachelor of Technology)",829,970
Indian Institute of Technology Guwahati,"Electronics and Communication Engineering (4 Years, Bachelor of Technology)",1415,1610
Indian Institute of Technology Guwahati,"Electronics and Electrical Engineering (4 Years, Bachelor of Technology)",1686,2093
Indian Institute of Technology Guwahati,"Energy Engineering (4 Years, Bachelor of Technology)",4960,5462
Indian Institute of Technology Guwahati,"Engineering Physics (4 Years, Bachelor of Technology)",3815,5270
Indian Institute of Technology Guwahati,"Mathematics and Computing (4 Years, Bachelor of Technology)",621,1000
Indian Institute of Technology Guwahati,"Mechanical Engineering (4 Years, Bachelor of Technology)",2014,4185
Indian Institute of Technology Bhilai,"Computer Science and Engineering (4 Years, Bachelor of Technology)",3471,5907
Indian Institute of Technology Bhilai,"Data Science and Artificial Intelligence (4 Years, Bachelor of Technology)",4567,6672
Indian Institute of Technology Bhilai,"Electrical Engineering (4 Years, Bachelor of Technology)",6981,9455
Indian Institute of Technology Bhilai,"Electronics and Communication Engineering (4 Years, Bachelor of Technology)",7067,8578
Indian Institute of Technology Bhilai,"Materials Science and Metallurgical Engineering (4 Years, Bachelor of Technology)",13912,14302
Indian Institute of Technology Bhilai,"Mechanical Engineering (4 Years, Bachelor of Technology)",10330,11505
Indian Institute of Technology Bhilai,"Mechatronics Engineering (4 Years, Bachelor of Technology)",6516,9740
Indian Institute of Technology Goa,"Computer Science and Engineering (4 Years, Bachelor of Technology)",3758,4654
Indian Institute of Technology Goa,"Electrical Engineering (4 Years, Bachelor of Technology)",6319,7944
Indian Institute of Technology Goa,"Mathematics and Computing (4 Years, Bachelor of Technology)",3945,5803
Indian Institute of Technology Goa,"Mechanical Engineering (4 Years, Bachelor of Technology)",9043,10653
Indian Institute of Technology Palakkad,"Civil Engineering (4 Years, Bachelor of Technology)",12348,14170
Indian Institute of Technology Palakkad,"Computer Science and Engineering (4 Years, Bachelor of Technology)",4513,5556
Indian Institute of Technology Palakkad,"Data Science and Engineering (4 Years, Bachelor of Technology)",5877,6843
Indian Institute of Technology Palakkad,"Electrical Engineering (4 Years, Bachelor of Technology)",6594,8777
Indian Institute of Technology Palakkad,"Mechanical Engineering (4 Years, Bachelor of Technology)",10016,10977
Indian Institute of Technology Tirupati,"Chemical Engineering (4 Years, Bachelor of Technology)",9547,12543
Indian Institute of Technology Tirupati,"Civil Engineering (4 Years, Bachelor of Technology)",11383,13759
Indian Institute of Technology Tirupati,"Computer Science and Engineering (4 Years, Bachelor of Technology)",1915,4469
Indian Institute of Technology Tirupati,"Electrical Engineering (4 Years, Bachelor of Technology)",6236,7487
Indian Institute of Technology Tirupati,"Engineering Physics (4 Years, Bachelor of Technology)",8948,9762
Indian Institute of Technology Tirupati,"Mechanical Engineering (4 Years, Bachelor of Technology)",9340,10480
Indian Institute of Technology Jammu,"Chemical Engineering (4 Years, Bachelor of Technology)",11517,13494
Indian Institute of Technology Jammu,"Civil Engineering (4 Years, Bachelor of Technology)",11454,14566
Indian Institute of Technology Jammu,"Computer Science and Engineering (4 Years, Bachelor of Technology)",3412,5555
Indian Institute of Technology Jammu,"Electrical Engineering (4 Years, Bachelor of Technology)",7241,8313
Indian Institute of Technology Jammu,"Materials Engineering (4 Years, Bachelor of Technology)",14592,14948
Indian Institute of Technology Jammu,"Mathematics and Computing (4 Years, Bachelor of Technology)",5689,7085
Indian Institute of Technology Jammu,"Mechanical Engineering (4 Years, Bachelor of Technology)",9999,11816
Indian Institute of Technology Dharwad,"Chemical and Biochemical Engineering (4 Years, Bachelor of Technology)",13172,14495
Indian Institute of Technology Dharwad,"Civil and Infrastructure Engineering (4 Years, Bachelor of Technology)",13207,14554
Indian Institute of Technology Dharwad,"Computer Science and Engineering (4 Years, Bachelor of Technology)",3482,5577
Indian Institute of Technology Dharwad,"Electrical and Electronics Engineering (4 Years, Bachelor of Technology)",7569,8881
Indian Institute of Technology Dharwad,"Electronics and Communication Engineering (4 Years, Bachelor of Technology)",4752,8144
Indian Institute of Technology Dharwad,"Engineering Physics (4 Years, Bachelor of Technology)",9839,11121
Indian Institute of Technology Dharwad,"Interdisciplinary Sciences (5 Years, Bachelor of Science and Master of Science (Dual Degree))",9258,15739
Indian Institute of Technology Dharwad,"Mathematics and Computing (4 Years, Bachelor of Technology)",4677,6935
Indian Institute of Technology Dharwad,"Mechanical Engineering (4 Years, Bachelor of Technology)",8618,11402